,account,date,t1,t2,t3,t4,t5,t6,t7,t8,t9,t10,t11,t12,t13,t14,t15,t16,t17,t18,t19,t20
1,yukicolifecom,0주,,,,,,,,,,,,,,,,,,,,
2,soulmarket0708,0주,소울다이닝,한우,bmsno9,소울쿠킹,집들이메뉴,홈쿡레시피,홈파티음식,홈파티요리,홈파티메뉴,레시피공유,집밥레시피,간단레시피,레스토랑요리,레시피그램,홈파티준비,홈파티레시피,맛스타그램,,,
3,bgjiae6122,0주,우뚝1984,당산맛집,영등포구청맛집,영등포구청역맛집,영등포맛집,영등포우대갈비,영등포구청대창,영등포구청역맛집우뚝1984,영등포구청막창,맛집,서울고기집,인생맛집,찐맛집,특양구이,영등포구청우대갈비,,,,,
4,youngdayyy_,0주,,,,,,,,,,,,,,,,,,,,
5,earthcompany.ulsan,0주,울산핫플,지구상사,브랜드,,,,,,,,,,,,,,,,,
6,ramen.zip,0주,시부야블루라멘,킷포시,,,,,,,,,,,,,,,,,,
7,ayaka_omakase,0주,한국거주일본인이소개하는맛집,팔백집,줄서서먹는집,성신여대맛집,보문역맛집,성신여대입구역맛집,아야카세성신여대,맛집,맛집추천,맛집스타그램,맛집탐방,아야카세,매일영업,일요일도영업,아야카세일요일,쫄갈비,돼지쫄갈비,,,
8,ayaka_omakase,error,e,r,r,o,r,,,,,,,,,,,,,,,
9,b.erry___,0주,,,,,,,,,,,,,,,,,,,,
10,k_savege97,0주,휴가,좋아요,좋아요반사,맞좋아요,좋반,좋반테러,맞좋,좋테,선팔하면맞팔,선팔,선팔맞팔,맞팔,사진,등산,취미,일상,소통,,,
11,gguljji._.yum,0주,별난씨호떡,,,,,,,,,,,,,,,,,,,
12,xcv.x.viii,0주,,,,,,,,,,,,,,,,,,,,
13,everw_hat,0주,거울샷,좋아요,좋아요반사,맞좋아요,좋반,좋반테러,맞좋,좋테,선팔하면맞팔,선팔,선팔맞팔,맞팔,사진,등산,취미,일상,소통,,,
14,v._.vi00,0주,데일리,카페,카페투어,카페스타그램,카페그램,카페추천,점심,점심시간,맛집,먹방,먹방스타그램,맛집탐방,인스타푸드,푸드스타그램,빵스타그램,빵순이,빵돌이,,,
15,2_bogeun,0주,,,,,,,,,,,,,,,,,,,,
16,iseonu4540,0주,육아일상,육아일기,육아스타그램,닭띠아들,쥐띠딸,닭띠아들램,6세,생후51개월,생후16개월,사랑해,투샷,럽스타그램,럽럽,미즈컨테이너,미즈,jmt,jmtgr,,,
17,fattyfoodyboy,0주,돈까스,돈카츠,일식,수제돈카츠,서울역,서울역맛집,이태원,이태원맛집,한남동,한남동맛집,서울데이트,서울맛집,우동,자루우동,냉우동,맛집,맛집스타그램,,,
18,k_savege97,0주,휴가,좋아요,좋아요반사,맞좋아요,좋반,좋반테러,맞좋,좋테,선팔하면맞팔,선팔,선팔맞팔,맞팔,사진,등산,취미,일상,소통,,,
19,gigigi_97,0주,,,,,,,,,,,,,,,,,,,,
20,jaeug6179,0주,닭갈비택배,닭갈비밀키트,닭갈비추천,닭갈비맛집추천,닭갈비포장,반려견동반가능,반려견동반,하남숯불닭갈비,반려견여행,미사리맛집,맛스타그램,맛스타그램촵촵,맛스타그램꿈나무,먹스타그램,먹스타맞팔,반려견동반식당,반려견동반식당,,,
21,eatmemcr,0주,EatMeMCR,EatMeMCR,foodie,foodporn,food,eats,sushi,japanese,instafood,seoul,korea,seoultrip,travelling,sushilovers,먹스타그램,스시,맛집,,,
22,judo_woong,0주,첫줄맛집,,,,,,,,,,,,,,,,,,,
23,giantsub,0주,내가,에르메스그릇에,밥을다먹고,역대급,맛집,,,,,,,,,,,,,,,
24,fd0825,0주,고기는,숯불이,진리,훈연,제주흑돼지,꼬치구이,산토리,하이볼,산토리하이볼,맛집,캠핑,여행,해루질,플로우라이더,써핑,스노우보드,애견인,,,
25,fd0825,error,e,r,r,o,r,,,,,,,,,,,,,,,
26,b_bbo_o,0주,,,,,,,,,,,,,,,,,,,,
27,universal_citizen,0주,미국식,,,,,,,,,,,,,,,,,,,
28,jesus_soony,0주,주말,마무리,천안행,이정생갈비,맛집,외식,다자녀,어제참았던술,마셔보자,출근땜시,적당히,자꾸셀카찍어,김치찌개,고딩맘,중딩맘,초딩맘,,,,
29,hyewons2,0주,,,,,,,,,,,,,,,,,,,,
30,bagjaegug,0주,,,,,,,,,,,,,,,,,,,,
31,rloroh,0주,,,,,,,,,,,,,,,,,,,,
32,ji____yaaaa,0주,광고,시모먼트,브이리프팅롤러크림,,,,,,,,,,,,,,,,,
33,callia_moong2,0주,,,,,,,,,,,,,,,,,,,,
34,o.k.eun,0주,귀염둥이,질투쟁이,말모말모,궁리,빵맛집,,,,,,,,,,,,,,,
35,1m._.bin,0주,,,,,,,,,,,,,,,,,,,,
36,aeri4456,0주,애카,운정,애견카페,구름이그린달빛,친절한사장님,딸기라떼,맛집,주말일상,일상기록,댕댕이그램,,,,,,,,,,
37,j.yura1029,0주,음식이있는풍경,대전레스토랑,신성동맛집,,,,,,,,,,,,,,,,,
38,g_i__wan,0주,,,,,,,,,,,,,,,,,,,,
39,yom_zi,0주,,,,,,,,,,,,,,,,,,,,
40,hi_kangsu,0주,제주도,여행,좋아요,좋아요반사,맞좋아요,좋반,좋반테러,맞좋,좋테,선팔하면맞팔,선팔,선팔맞팔,맞팔,사진,등산,취미,일상,,,
41,everw_hat,0주,하리보,비상식량,좋아요,좋아요반사,맞좋아요,좋반,좋반테러,맞좋,좋테,선팔하면맞팔,선팔,선팔맞팔,맞팔,사진,등산,취미,일상,,,
42,mansam_oh,0주,녹차,휴가,좋아요,좋아요반사,맞좋아요,좋반,좋반테러,맞좋,좋테,선팔하면맞팔,선팔,선팔맞팔,맞팔,사진,등산,취미,일상,,,
43,god.oc,0주,고독간미식당,고독형,맛집,서삼릉보리밥,서삼릉맛집,동동주,현지인맛집,지인맛집,수제비맛집,코다리맛집,보리밥맛집,,,,,,,,,
44,jjano_9,0주,instagood,instadaily,ootd,likeforlikes,like4follow,followforfollowback,follow,followforlike,follow4followback,likeforfollow,like4like,instalike,likeforlikeback,f4f,lfl,셀카,셀피,,,
45,everw_hat,0주,마라샹궈,손오공마라탕,좋아요,좋아요반사,맞좋아요,좋반,좋반테러,맞좋,좋테,선팔하면맞팔,선팔,선팔맞팔,맞팔,사진,등산,취미,일상,,,
46,ke._____.vin,0주,천천히,,,,,,,,,,,,,,,,,,,
47,x.uxxux,0주,일산,아쿠아리움,아쿠아플라넷일산,산호수조앞에서,아쿠아플라넷,,,,,,,,,,,,,,,
48,09.28__seul,0주,,,,,,,,,,,,,,,,,,,,
49,food._.yong98,0주,당진,맛집,명량핫도그,핫도그,,,,,,,,,,,,,,,,
50,2x24_,0주,새뱃돈,분리불안,페키페키,강아지장난감,애견장난감,맛집,,,,,,,,,,,,,,
51,2_bogeun,0주,,,,,,,,,,,,,,,,,,,,
52,kimhoisalbob,0주,맛집,딸기,라떼,딸기라떼,빠바,파리바게트,김회쌀밥,김회쌀롱,,,,,,,,,,,,
53,sangmusushi_kildong,0주,상무초밥,길동점,,,,,,,,,,,,,,,,,,
54,janggwangsu8657,0주,육아하는아빠,육아하는타일러ray,부산타일러,아들스타그램,아들,부산,부산여행,맛집,코로나,시러요,아기스타그램,아기,유머,행복,운동,바다,낚시,,,
55,rj_jinday,0주,,,,,,,,,,,,,,,,,,,,
56,ayano_aim_hongki,0주,,,,,,,,,,,,,,,,,,,,
57,v._.vi00,0주,데일리,카페,카페투어,카페스타그램,카페그램,카페추천,점심,점심시간,맛집,먹방,먹방스타그램,맛집탐방,인스타푸드,푸드스타그램,빵스타그램,빵순이,빵돌이,,,
58,super_woongs,0주,f4f,l4l,instagram,selfie,인스타그램,헬스타그램,셀피,카페,데일리,데일리룩,daily,맞팔,운동하는남자,댓글,25살,ootd,여수,,,
59,dy._._.e,0주,,,,,,,,,,,,,,,,,,,,
60,2_songyi_37,0주,일요일,주말,인계동,봉수육,수육나베,인계동맛집,나혜석거리,맛집,트라토리아,파스타,샐러드,청첩장,오티티,타르트,딸기,자몽,데이트,,,
61,dy._._.e,0주,,,,,,,,,,,,,,,,,,,,
62,sirencoffeebrewery,0주,버터휘낭시에,,,,,,,,,,,,,,,,,,,
63,leslemonbebe,0주,노량진맛집,원조부안집노량진점,맛집,이집맛집,여기맛집,동작구맛집,고기킬러,존맛탱,노량진맛집원조부안집,존맛탱구리,노량진역맛집,한강데이트,서울핫플,한강맛집,서울핫플레이스,서울가볼만한곳,,,,
64,lovely__soyul_,0주,,,,,,,,,,,,,,,,,,,,
65,ky_gyo,0주,,,,,,,,,,,,,,,,,,,,
66,kei.8710,0주,맛집,고기,셀카,,,,,,,,,,,,,,,,,
67,minju._.farm,0주,,,,,,,,,,,,,,,,,,,,
68,jj._.ym,0주,제주시청맛집,일과틈사이,할라라운지제주,,,,,,,,,,,,,,,,,
69,sunmin__7287,0주,,,,,,,,,,,,,,,,,,,,
70,hyeonho_food_road,0주,대전,갈마동,갈리단길,대전맛집,갈마동맛집,도야지,국밥,곰탕,맑은곰탕,토렴,돼지곰탕,맛집,강추,맛집추천,,,,,,
71,yeoju8607,0주,회스타그램,대방어맛집,구리시,구리시맛집,구리시횟집,구리맛집,구리사시미,구리맛집추천,구리시맛집추천,구리술집,남양주시,남양주시횟집,남양주회배달,구리배달맛집,다산배달맛집,맛집,맛집스타그램,,,
72,blooming_ll3,0주,맛집,불당동맛집,불당동,불당동양꼬치,양꼬치맛집,먹스타그램,먹방,좋아요,좋아요테러,먹방스타그램,맛집추천,양꼬치맛집,일상,소통,,,,,,
73,xoxor_rn,0주,,,,,,,,,,,,,,,,,,,,
74,jyongjune,0주,우미당,다산,다산신도시,맛집,소고기,맛있다,,,,,,,,,,,,,,
75,hi_kangsu,0주,휴가,겨울,좋아요,좋아요반사,맞좋아요,좋반,좋반테러,맞좋,좋테,선팔하면맞팔,선팔,선팔맞팔,맞팔,사진,등산,취미,일상,,,
76,best_adcom,0주,베스트애드컴,가로등배너,현수막,간판,팬클럽전문,배너,광고대행,대구,부산,김해,창원,데일리,맛집,콘서트,뮤지컬,대구가로등배너,김해가로등배너,,,
77,yeoju8607,0주,회스타그램,대방어맛집,구리시,구리시맛집,구리시횟집,구리맛집,구리사시미,구리맛집추천,구리시맛집추천,구리술집,남양주시,남양주시횟집,남양주회배달,구리배달맛집,다산배달맛집,맛집,맛집스타그램,,,
78,yuuuuu.____.s,0주,맛집,뷰맛집,릴스,꿀잼,겨울,여행,낚시,낚시스타그램,빙어낚시,얼음,빙박,먹방,먹스타그램,먹팔,음식,푸드,푸드스타그램,,,
79,kimhoisalbob,0주,맛집,본죽,홍게죽,홍게,죽,김회쌀밥,김회쌀롱,,,,,,,,,,,,,
80,sunnyqueen7771_,0주,foodstagram,푸드스타그램,인스타푸드,요리스타그램,냠냠,음식스타그램,맥주스타그램,먹부림,맛집,여의도맛집,삼겹살맛집,냉삼,냉삼맛집,목살,볶음밥,된장찌개,국수,,,
81,choinunnu,0주,눈누,제주도,오가닉제주,딸기모찌,딸기티라미수,제주에서눈누,,,,,,,,,,,,,,
82,lecafe_secret,0주,첫줄,감성,데일리,instadaily,커피,르카페시크릿,lecaf,김천,김천맛집,김천신음동카페,신음동카페,신음동맛집,댓글,맛집,선팔하면맞팔,소통하다,likeforfollow,,,
83,woobo915,0주,휴일,달리기,일주일,시작은,러닝,마석,5일장,등갈비,맛집,그냥,지나치기,가민러,런린이,,,,,,,
84,gamekaka_kim,0주,케잌,케이크,좋아요,좋아요반사,맞좋아요,좋반,좋반테러,맞좋,좋테,선팔하면맞팔,선팔,선팔맞팔,맞팔,사진,등산,취미,일상,,,
85,masioreum_jeju,0주,마시오름,맛이오르는공간,한식요리주점,한식,맛집,주점,와인,증류주,제주,제주도,서귀포,제주살이,제주여행,제주도여행,서귀포여행,제주맛집,제주술집,,,
86,happy_yumyum_o.o,0주,스타벅스,스타벅스신메뉴,브리오쉬,우유품은브리오쉬,,,,,,,,,,,,,,,,
87,loving1231,0주,주말,저녁,오리훈제,냉털밥상,가족완전체,밥상인지술상인지,훈제오리,부추겉절이,소주,김치,,,,,,,,,,
88,ghwldl,0주,,,,,,,,,,,,,,,,,,,,
89,vintage_minimi.nio,0주,만냥미니,,,,,,,,,,,,,,,,,,,
90,bnniuuq,0주,,,,,,,,,,,,,,,,,,,,
91,citesoccer_god,0주,집,귀가,좋아요,좋아요반사,맞좋아요,좋반,좋반테러,맞좋,좋테,선팔하면맞팔,선팔,선팔맞팔,맞팔,사진,등산,취미,일상,,,
92,bojog_e1222,0주,,,,,,,,,,,,,,,,,,,,
93,cham__table,0주,,,,,,,,,,,,,,,,,,,,
94,calm_food,0주,부산,해운대,카페고물상,,,,,,,,,,,,,,,,,
95,wook__0923,0주,부산,할매집,닭백숙,닭,금정구맛집,맛집,낮술,먹방,정신병,다이빙,,,,,,,,,,
96,ltaeee,error,e,r,r,o,r,,,,,,,,,,,,,,,
97,oneday7.7,0주,협찬,스누브,스누브시계,여성가죽시계,손목시계,손목시계브랜드,손목시계선물,여자시계,여자시계선물,기념일선물,여자악세사리,,,,,,,,,
98,burningsoda,0주,부산,부산밴드,부산인디밴드,부산에반하다,sk브로드밴드,버닝소다,많관부,맛집,명소,부산명소,리포터,,,,,,,,,
99,jun__mattaeng,1주,,,,,,,,,,,,,,,,,,,,
100,v._.vi00,0주,데일리,카페,카페투어,카페스타그램,카페그램,카페추천,점심,점심시간,맛집,먹방,먹방스타그램,맛집탐방,인스타푸드,푸드스타그램,빵스타그램,빵순이,빵돌이,,,
101,myloveartt,0주,9주년,결혼기념일,꽃다발,선물,스테이크,맛집,,,,,,,,,,,,,,
102,rinnyummy,0주,미애네칼국수,미애네,해물칼국수,해물칼국수맛집,영종도,영종도맛집,영종도맛집추천,,,,,,,,,,,,,
103,michigo673,0주,202112Fukuoka,coffetime,coffee,cafe,teatime,일상,카페,cafe,like,love,morning,cake,sweets,맛집,instagood,instafood,후쿠오카맛집,,,
104,citesoccer_god,0주,휴가,좋아요,좋아요반사,맞좋아요,좋반,좋반테러,맞좋,좋테,선팔하면맞팔,선팔,선팔맞팔,맞팔,사진,등산,취미,일상,소통,,,
105,lovely_eun0,0주,,,,,,,,,,,,,,,,,,,,
106,janggwangsu8657,0주,육아하는아빠,육아하는타일러ray,부산타일러,아들스타그램,아들,부산,부산여행,맛집,코로나,시러요,아기스타그램,아기,유머,행복,운동,바다,낚시,,,
107,___36.5_,0주,정주x부산카페,먹스타그램,맛스타그램,먹방,디저트,카페,디저트카페,맛집,부산카페,망미동카페,미크베이커리,케이크,빅토리아케이크,빵,구움과자,busancafe,dessert,,,
108,haehin1997,0주,맛집,첫줄,첫줄반사,일상소통,답방,첫줄안녕,첫줄좋반,좋튀,좋반,반사,좋아요반사,맞좋튀,맛집스타그램,맛스타그램,먹스타그램,먹방,오늘뭐먹지,,,
109,stdlh.c,0주,art,museum,전시,갤러리조선,이은작가,,,,,,,,,,,,,,,
110,dy_luv,0주,화날개,나만알고싶은곳,,,,,,,,,,,,,,,,,,
111,wonyou2022,0주,휴식,후식,좋아요,좋아요반사,맞좋아요,좋반,좋반테러,맞좋,좋테,선팔하면맞팔,선팔,선팔맞팔,맞팔,사진,등산,취미,일상,,,
112,_h._t.k_.00,0주,,,,,,,,,,,,,,,,,,,,
113,joinyeong9067,0주,보험맛집,메트라이프,노블지점현대해상,보장분석,달러,맛집,메트라이프생명,노블지점,시너지팀,noble,보장분석,상담,비대면,건강,헬스,등산,등린이,,,
114,wonyou2022,0주,라면,좋아요,좋아요반사,맞좋아요,좋반,좋반테러,맞좋,좋테,선팔하면맞팔,선팔,선팔맞팔,맞팔,사진,등산,취미,일상,소통,,,
115,daowl_,0주,,,,,,,,,,,,,,,,,,,,
116,dropping_9871,0주,,,,,,,,,,,,,,,,,,,,
117,yyum_yumoo,0주,엽떡,,,,,,,,,,,,,,,,,,,
118,____0o0oo_,0주,,,,,,,,,,,,,,,,,,,,
119,thanks__1012,0주,,,,,,,,,,,,,,,,,,,,
120,gunwoo_luv,0주,,,,,,,,,,,,,,,,,,,,
121,seung_dotol,0주,,,,,,,,,,,,,,,,,,,,
122,licky_bom,0주,,,,,,,,,,,,,,,,,,,,
123,cafe.ohne,0주,춘천그릭요거트,춘천샐러드,오네빙그릭,,,,,,,,,,,,,,,,,
124,esfpig,0주,아구탕,,,,,,,,,,,,,,,,,,,
125,oulweys,0주,,,,,,,,,,,,,,,,,,,,
126,s_mukdairy,0주,기록,백쉰다섯번째,,,,,,,,,,,,,,,,,,
127,chan_t_,0주,,,,,,,,,,,,,,,,,,,,
128,aintnmt,0주,,,,,,,,,,,,,,,,,,,,
129,meatg.od,3주,미풍양주,육개장,강남맛집,삼성역맛집,선릉맛집,라면,소통,맛스타그램,팔로우,선팔하면맞팔,맛집추천,followforfollowback,follow,meat,pork,beef,daily,,,
130,wellife_kang,0주,노티드도넛,좋아요,좋아요반사,맞좋아요,좋반,좋반테러,맞좋,좋테,선팔하면맞팔,선팔,선팔맞팔,맞팔,사진,등산,취미,일상,소통,,,
131,two_sung,0주,조개구이,저녁,해녀의꿈,조개,굽굽,공동육아,열심히논우리,진로,쨘,주말,맛집,일상,daily,,,,,,,
132,chlwi_1,0주,첫줄안녕,소고기,똥손이꾸워도,맛잇음,졸깃쫄깃,딴거다필요없음,고기랑와사비랑,등심,살치살,갈비살,투쁠,한우,우리집이고기집,맛집,어젠참았지만,오늘은못참는다,술을부르는소리,,,
133,dessert39__ansan,0주,,,,,,,,,,,,,,,,,,,,
134,yomdong_couple,0주,부천맛집,맛집,조식,조식뷔페,부천식당,조식맛집,무화과식당,일상스타그램,주말일상,,,,,,,,,,,
135,shinsangjin80,0주,맛집,장감로경양식,장호원맛집,사장님번창하세요,,,,,,,,,,,,,,,,
136,justin_kim_333,0주,제주살기,제주도,맛집,신해바라기분식,용꽈배기,은희네해장국,숙성도,,,,,,,,,,,,,
137,mymeal1025,error,e,r,r,o,r,,,,,,,,,,,,,,,
138,miga0708,0주,종로3가,영춘옥,81년전통,곰탕,해장국,꼬리뼈찜,깍두기,소면공짜,맛있다,맛집,뼈다귀찜,전통,,,,,,,,
139,e_van39,0주,아지트샵부업,아지트샵에반,,,,,,,,,,,,,,,,,,
140,wellife_kang,0주,바다,제주도,좋아요,좋아요반사,맞좋아요,좋반,좋반테러,맞좋,좋테,선팔하면맞팔,선팔,선팔맞팔,맞팔,사진,등산,취미,일상,,,
141,artemis_0417,0주,일요일,저녁,가리비,가리비찜,홍가리비,배터짐,요리하는여자,cook,cooking,우리집,맛집,집밥,집반찬,맛스타그램,먹스타그램,집밥스타그램,쿡스타그램,,,
142,v._.vi00,0주,데일리,카페,카페투어,카페스타그램,카페그램,카페추천,점심,점심시간,맛집,먹방,먹방스타그램,맛집탐방,인스타푸드,푸드스타그램,빵스타그램,빵순이,빵돌이,,,
143,cafeg_uru17,0주,cafe,l4l,followme,strawberry,,,,,,,,,,,,,,,,
144,muk_funny,0주,,,,,,,,,,,,,,,,,,,,
145,junghyunmin7112,0주,부산,부대,돼지국밥,퇴근,출근,가구공방,한잔,소주,주말,쉬고싶다,제발,힘드네,대목,대선,맛집,추억,,,,
146,jj.sj.1024,0주,데이트,좋아하는사람과함께,행복한시간,행복,먹방,맛집,교동집,쭈꾸미,고기는,,,,,,,,,,,
147,rosemoss_nail,0주,양천향교,양천향교역,양천향교역네일샵,마곡역네일샵,마곡역,마곡나루역네일샵,강서네일,네일,예쁜네일,네일아트,네일맛집,화려한네일,파츠네일,daily,데일리,코디,파티,,,
148,ygeun0716,0주,10세아들,8세딸,남매맘,초딩맘,김포맘,주부일상,주말저녁,주말,주말일상,주말마무리,저녁,외식,맛집,파주맛집,뼈칼국수맛집,이색맛집,파주뼈칼국수교하제면소,,,
149,rang_foodstagram,0주,,,,,,,,,,,,,,,,,,,,
150,selena_kim_gy,0주,을지로,힙지로,충무로,맛집,충무로쭈꾸미불고기,평래옥,을지맥옥,아자7기,,,,,,,,,,,,
151,bob_alone_king,0주,주말,메시호산,에비카키아게우동,evi,kakiage,udon,우동,맛집,혼밥,japanese,japanesecuisine,japanesedining,cusine,gourmet,dining,스시호산,갓포호산,,,
152,k2s89,0주,해삐부부,곱창,맛집,광주맛집,,,,,,,,,,,,,,,,
153,mim_jeom,0주,,,,,,,,,,,,,,,,,,,,
154,mim_jeom,error,e,r,r,o,r,,,,,,,,,,,,,,,
155,__narring__,0주,,,,,,,,,,,,,,,,,,,,
156,dlekdls_le,0주,,,,,,,,,,,,,,,,,,,,
157,myomyo_cake,0주,,,,,,,,,,,,,,,,,,,,
158,playiitt,0주,,,,,,,,,,,,,,,,,,,,
159,3.ekt,58주,incsons,오사카카페,오사카맛집,,,,,,,,,,,,,,,,,
160,ohsu_life,0주,휴가,좋아요,좋아요반사,맞좋아요,좋반,좋반테러,맞좋,좋테,선팔하면맞팔,선팔,선팔맞팔,맞팔,사진,등산,취미,일상,소통,,,
161,janggwangsu8657,0주,육아하는아빠,육아하는타일러ray,부산타일러,아들스타그램,아들,부산,부산여행,맛집,코로나,시러요,아기스타그램,아기,유머,행복,운동,바다,낚시,,,
162,hy_sohn94,0주,맛집,맛집투어,맛있다그램,맛집탐방,맛있다,맛집추천,맛스타,맛집스타그램,맛스타그램,먹방스타그램,먹스타,먹스타그램,먹부림,인생맛집,서울맛집,delicious,koreanfood,,,
163,v._.vi00,0주,데일리,카페,카페투어,카페스타그램,카페그램,카페추천,점심,점심시간,맛집,먹방,먹방스타그램,맛집탐방,인스타푸드,푸드스타그램,빵스타그램,빵순이,빵돌이,,,
164,oidoeggbun,0주,계란빵,오이도역2번출구앞,오이도,오이도역,닭강정,국화빵,오이도역맛집,오이도맛집,정왕동,정왕동맛집,배곧맛집,시화맛집,시흥맛집,맛집,오이도역고모네,고모네계란빵,고모네,,,
165,ohsu_life,0주,흑임자,케잌,좋아요,좋아요반사,맞좋아요,좋반,좋반테러,맞좋,좋테,선팔하면맞팔,선팔,선팔맞팔,맞팔,사진,등산,취미,일상,,,
166,eunog996,0주,제주도,한라산,백록담,삼각봉대피소,진달래대피소,여행,등산,산,맛집,산스타그램,소통,아웃도어,명산,ootd,운동하는여자,좋아요,힐링,,,
167,yang__yang__2,0주,마라탕,마라탕맛집,마라탕먹방,맛집,맛집추천,먹방,먹팔,구리맛집,구리,점심,데일리,일상,소통,좋아요반사,좋아요,댓글,밥스타그램,,,
168,dodo__hui,0주,코다리냉면,삼송스타필드,삼송스타필드맛집,엄마가인정한맛집,냉면,냉면맛집,코다리냉면맛집,삼송맛집,삼송맛집추천,삼송스타필드맛집,맛집,맛집추천,,,,,,,,
169,namuoseyo,0주,샛강역,여의도,룸술집,여의도맛집,여의도한강공원,followforfollowback,여의도배달,이자카야나무여의도점,여의도나무,이자카야나무,여의도역맛집,샛강역맛집,일식,회,초밥,배달,포장,,,
170,lovelysherie,0주,함양집,함양집보문점,경주맛집,맛집,육회비빔밥,육회물회,육회,서빙로봇,맛스타그램,먹스타그램,푸드스타그램,JMT,food,foodstagram,koreanfood,rawbeef,bibimbap,,,
171,an_eating_show,0주,굽네치킨,고추바사삭,맥주,,,,,,,,,,,,,,,,,
172,nuribom_motolife,0주,BMWR1200RT,R1200RT,biketour,bikestagram,bikegram,tourer,bikelife,바이크여행,바이크스타그램,바이크라이프,맛집투어,오늘뭐먹지,맛집,먹부림,먹팔환영해요,먹팔,먹팔맞팔,,,
173,ruad_dessert,0주,1월24일,,,,,,,,,,,,,,,,,,,
174,ssu_jsh,0주,,,,,,,,,,,,,,,,,,,,
175,flori_soo,0주,돈카츠코우엔,호르몬동,전포동돈까스,전포돈까스,먹방,먹스타그램,맛집,맛스타그램,,,,,,,,,,,,
176,bibi__ooo,0주,돼지고기김치찌개,맛집인정,,,,,,,,,,,,,,,,,,
177,do_jung3,0주,영등포,영등포역,에베레스트,에베레스트레스토랑,커리,맛집,먹방,,,,,,,,,,,,,
178,sehyun447,0주,어몽어스카드,포켓몬카드박스,포켓몬카드25주년,포켓몬카드팩,포켓몬카드퓨전아츠,포켓몬레고,포켓몬카드무한존,캐릭터카드,딱지,포켓몬카드gx,포켓몬카드vmax,포켓몬카드한정판,맛,도안동꽃집,문덕속눈썹,청담동왁싱,악세서리,,,
179,haemil7708,0주,첫줄,카페투어,더크루즈,더크루즈카페,동학사카페,천안사는,여자,운동하는여자,볼링치는여자,일상기록,일상스타그램,초딩맘스타그램,캠핑,드라이브,볼링,맛집,투어,,,
180,been_o_2,0주,돈짱,돈짱초벌구이,초벌구이,맛집,먹스타그램,석적맛집,고기맛집,,,,,,,,,,,,,
181,hey.mio,0주,맛있두,호두강정,맛있두호두강정,,,,,,,,,,,,,,,,,
182,darine_ring,0주,대구,야시장,대구야시장,여행,서문시장,먹스타그램,맛집,먹방,핫플,온더테이블,food,daegu,market,,,,,,,
183,kakurega_bistro,0주,,,,,,,,,,,,,,,,,,,,
184,bongseopkwak,0주,김치찌개,닭곰탕,고기,돼지고기,목살,볶음밥,와인,맥주스타그램,캔맥주,소주,소주스타그램,소주한잔,술,술스타그램,낮술,모닝소주,대전,,,
185,jc.d.hojoon,0주,식혜떡볶이,떡볶이,분식,,,,,,,,,,,,,,,,,
186,___sy0.0,0주,,,,,,,,,,,,,,,,,,,,
187,_hooooooni_99,error,e,r,r,o,r,,,,,,,,,,,,,,,
188,myomyo_cake,0주,묘묘네케이크,,,,,,,,,,,,,,,,,,,
189,kb__park__,0주,,,,,,,,,,,,,,,,,,,,
190,jeongceog5,0주,맛집,맛집스타그램,먹방,먹먹,먹부림,먹방소통,먹스타그램,부림,먹스타,먹스타맞팔,맛집그램,먹깨비,먹보,먹방일상,먹팔,,,,,
191,harry_kym,0주,협찬,신룽푸마라탕인천계양점,신룽푸마라탕,계양마라탕,계양구청맛집,계양꿔바로우,계양맛집,맛집,꿔바로우맛집,마라탕맛집,마라맛,koreanfood,koreanrestaurant,restro,mukbang,tasty,delicious,,,
192,bigseil8,0주,맛집,맛집스타그램,먹방,먹먹,먹부림,먹방소통,먹스타그램,부림,먹스타,먹스타맞팔,맛집그램,먹깨비,먹보,먹방일상,먹팔,,,,,
193,v._.vi00,0주,데일리,카페,카페투어,카페스타그램,카페그램,카페추천,점심,점심시간,맛집,먹방,먹방스타그램,맛집탐방,인스타푸드,푸드스타그램,빵스타그램,빵순이,빵돌이,,,
194,ye_r90,0주,공쥬님들,언니따라,졸졸졸,,,,,,,,,,,,,,,,,
195,mystory__op,0주,김포공항,제주도,좋아요,좋아요반사,맞좋아요,좋반,좋반테러,맞좋,좋테,선팔하면맞팔,선팔,선팔맞팔,맞팔,사진,취미,일상,소통,,,
196,muck_log_,0주,삼첩분식,분식,배달음식,분식맛집,로제떡볶이,삼첩세트,떡볶이,튀김,순대,,,,,,,,,,,
197,seograhyeon6,0주,닭갈비택배,닭갈비밀키트,닭갈비추천,닭갈비맛집추천,닭갈비포장,반려견동반가능,반려견동반,하남숯불닭갈비,반려견여행,미사리맛집,맛스타그램,맛스타그램촵촵,맛스타그램꿈나무,먹스타그램,먹스타맞팔,반려견동반식당,반려견동반식당,,,
198,xxixxioo,0주,고기국수,제주맛집,좋아요,좋아요반사,맞좋아요,좋반,좋반테러,맞좋,좋테,선팔하면맞팔,선팔,선팔맞팔,맞팔,사진,취미,일상,소통,,,
199,cafe_dokwoogil226,0주,신안,임자도,바다,뷰,디저트,크로플,맛집,카페,독우길226,임자도튤립축제,신안튤립축제,임자도가볼만한곳,인테리어,고목,라탄,조화꽃,화병,,,
200,ulsan_delicious_tasty,0주,울산,울산반찬가게,건강밥상,맛있는녀석들,요리하는언니,반찬,맛집,울산맛집,오늘의요리,강추,자취생,맛점,jmt,좋아요,휘트니스,식단관리,운동식단,,,
201,keidy_go,0주,ing,씽투게더,영화관데이트,weekendvibes,,,,,,,,,,,,,,,,
